{"cameraMode":{"drawMode":0,"name":"Shaded","section":"Shading Mode"},"sceneLighting":true,"audioPlay":false,"sceneViewState":{"m_AlwaysRefresh":false,"showFog":true,"showSkybox":true,"showFlares":true,"showImageEffects":true,"showParticleSystems":true,"showVisualEffectGraphs":true,"m_FxEnabled":true},"in2DMode":false,"pivot":{"x":-2.874391555786133,"y":-48.03852844238281,"z":166.11692810058595},"rotation":{"x":0.1521034687757492,"y":0.062225256115198138,"z":-0.009590575471520424,"w":0.9863680601119995},"size":1.3187071084976197,"orthographic":false}