{"cameraMode":{"drawMode":0,"name":"Shaded","section":"Shading Mode"},"sceneLighting":true,"audioPlay":false,"sceneViewState":{"m_AlwaysRefresh":false,"showFog":true,"showSkybox":true,"showFlares":true,"showImageEffects":true,"showParticleSystems":true,"showVisualEffectGraphs":true,"m_FxEnabled":true},"in2DMode":false,"pivot":{"x":-4.550164222717285,"y":-1.1911399364471436,"z":-0.0721435546875},"rotation":{"x":0.034474655985832217,"y":0.03297466039657593,"z":-0.0011380695505067707,"w":0.9988651275634766},"size":7.750308513641357,"orthographic":true}