{"cameraMode":{"drawMode":0,"name":"Shaded","section":"Shading Mode"},"sceneLighting":true,"audioPlay":false,"sceneViewState":{"m_AlwaysRefresh":false,"showFog":true,"showSkybox":true,"showFlares":true,"showImageEffects":true,"showParticleSystems":true,"showVisualEffectGraphs":true,"m_FxEnabled":true},"in2DMode":false,"pivot":{"x":-1.67439603805542,"y":3.6906983852386476,"z":-2.2539572715759279},"rotation":{"x":0.6922126412391663,"y":0.004517675843089819,"z":-0.005650816950947046,"w":0.7219237685203552},"size":5.765360355377197,"orthographic":true}