{"cameraMode":{"drawMode":0,"name":"Shaded","section":"Shading Mode"},"sceneLighting":true,"audioPlay":false,"sceneViewState":{"m_AlwaysRefresh":false,"showFog":true,"showSkybox":true,"showFlares":true,"showImageEffects":true,"showParticleSystems":true,"showVisualEffectGraphs":true,"m_FxEnabled":true},"in2DMode":false,"pivot":{"x":1.5588924884796143,"y":2.0683813095092775,"z":6.405941963195801},"rotation":{"x":0.07623732835054398,"y":0.07023798674345017,"z":-0.005378022324293852,"w":0.9946125745773315},"size":10.020747184753418,"orthographic":true}