{"cameraMode":{"drawMode":0,"name":"Shaded","section":"Shading Mode"},"sceneLighting":true,"audioPlay":false,"sceneViewState":{"m_AlwaysRefresh":false,"showFog":true,"showSkybox":true,"showFlares":true,"showImageEffects":true,"showParticleSystems":true,"showVisualEffectGraphs":true,"m_FxEnabled":true},"in2DMode":false,"pivot":{"x":2.2667407989501955,"y":1.6102397441864014,"z":5.226787090301514},"rotation":{"x":0.014990339055657387,"y":-0.03598855808377266,"z":0.0005488091846928,"w":0.9992544651031494},"size":10.561664581298829,"orthographic":true}